country,city,lat,lon
TR,Çankırı,40.6667691,33.4526069
TR,Siirt,37.8646916,42.0510294
TR,Hatay,36.3451332,36.0748022
TR,Mardin,37.3611355,40.8959403
TR,Uşak,38.5768902,29.3729779
TR,Burdur,37.5183407,30.1691254
TR,Düzce,40.8774545,31.2009618
TR,Balıkesir,39.5400798,28.0228793
TR,Manisa,38.8574402,28.0565711
TR,Samsun,41.2303557,35.9683338
TH,Çonburi,13.1857117,101.1210777
TH,Nakhon Ratchasima,14.9749389,102.0981358
TH,Bangkok,13.7524938,100.4935089
TH,Phetchabun,16.3293171,100.9552749
TH,Chiang Mai,18.7882778,98.9858802
TH,Chai Nat,15.1453182,99.9010244
TH,Buri Ram,14.6107101,102.6453162
TH,Chanthaburi,12.9081033,102.0159145
TH,Chachoengsao,13.6093192,101.5467201
TH,Chaiyaphum,16.2720349,101.7153824
IR,Gülistan Eyaleti,37.1984436,55.070672
YE,Aden ili,35.4985288,11.057604
YE,Amanat Al Asimah,15.35,44.2
IR,Mazenderan Eyaleti,36.3159159,51.8968597
TR,Sinop,41.6476377,34.9560137
IR,Kohgiluyeh Va Boyer Ahmad,30.6557188,51.5937519
IR,Erdebil Eyaleti,38.4583983,47.9313001
IR,Gilan Eyaleti,37.1515627,49.6389743
IR,Zencan,36.515854,48.4777616
TR,Kütahya,39.2522508,29.4937732
TR,Niğde,38.0664691,34.7051438
TR,Adana,36.9863599,35.3252861
IR,Batı Azerbaycan,37.7416484,45.0207638
IR,Güney Horasan,33.129577,58.1065069
IR,Merkezi Eyaleti,34.5302705,49.7864561
YE,İb ili,13.88549,43.883192
YE,Raymah,14.6875552,43.6648264
IR,Loristan,,
YE,Abyan ili,,
YE,Hadramut ili,,
YE,Taiz ili,,
YE,San'a ili,,
YE,Saada ili,,
YE,Ma'rib ili,,
IQ,Kadisiye,31.9599617,45.1197814
IQ,Babil,32.6319335,44.5629362
IQ,Vasit,32.6944827,45.6848009
IQ,Kerkük,35.4719308,44.3953896
IQ,Salahaddin,36.1479478,44.0297036
IQ,Süleymaniye,35.5570501,45.4425963
IQ,Diyala,34.0228719,45.1046224
IQ,Kerbela,32.5984057,44.0157931
IQ,Ninova,36.3564339,43.1621647
MY,Negeri Sembilan,2.7831895,102.1925319
MY,Kelantan,5.4021302,102.0635972
MY,Penang,5.4065013,100.2559077
MY,Perak,4.812181,100.9797908
MY,Sabah,5.4257359,117.0326392
MY,Selangor,3.2083304,101.304146
MY,Pahang,3.6168822,102.5994547
MY,Malakka,2.3293744,102.2880962
MY,Johore,2.0228821,103.3114564
MY,Federal Territory of Kuala Lumpur,3.1526589,101.7022205
TR,Bilecik,40.1543234,30.1479907
KW,Al Farwaniyah Governorate,29.2482539,47.9136755
PK,Pencap,31.0,72.0
NZ,Waikato,-37.7792272,175.2010324
NZ,Manawatu-Wanganui,-39.6407734,175.5713557
PK,Sindh,25.5,69.0
PK,Islamabad Capital Territory,33.6357394,73.2031156
PK,Khyber Pakhtunkhwa,33.712802,71.2678805
SD,Khartoum,15.5635972,32.5349123
PK,Belucistan Eyaleti,29.4852283,60.8405325
KW,Havalli,29.3236609,48.1153148
NZ,Taranaki,-39.3848064,174.1973505
NZ,Northland,-35.3755091,173.9470106
KW,El Ahmadi,28.8538571,48.1652377
NZ,Canterbury,-43.4941762,171.8098448
TR,Bolu,40.6212099,31.6460259
PK,Gilgit-Baltistan,35.9999972,75.0000023
IQ,Bağdat,33.3061701,44.3872213
NZ,Otago,-45.3975053,170.1778918
IQ,El Anbar,32.7889443,41.6093983
NZ,Auckland,-36.852095,174.7631803
NZ,Wellington,-41.2887953,174.7772114
NZ,Hawke's Bay,-39.5256512,176.7611457
KW,Mubarak Al-Kabeer Governorate,29.2325894,48.1192215
KW,Al Jahra Governorate,29.1766183,47.6846844
PK,Azad Keşmir,34.0734637,74.8157916
SD,Nil Nehri Eyaleti,,
NZ,Plenty Koyu,,
SD,Kızıl Deniz Eyaleti,,
IQ,Dikar,,
KW,El Asime Valiliği,,
SD,El Kadarif Eyaleti,,
SD,Güney Darfur Eyaleti,,
SD,Güney Kordofan Eyaleti,,
SD,Kassala Eyaleti,,
SD,El Cezire Eyaleti,,
SD,Beyaz Nil Eyaleti,,
SD,Batı Darfur Eyaleti,,
IQ,Duhok,36.8542598,42.9924528
IQ,Necef,32.0010227,44.3299926
TR,Erzincan,39.6073429,39.2013209
PK,Federal Olarak Yönetilen Kabile Bölgeleri,,
TR,Osmaniye,37.2517882,36.2993502
DE,Thuringia,50.9014721,11.0377839
DE,Hesse,50.6080651,9.0284647
DE,Bavaria,48.9467562,11.4038717
DE,Berlin,52.5173885,13.3951309
DE,Bremen,53.0758196,8.8071646
DE,Saxony-Anhalt,51.9280976,11.6812243
DE,Saarland,49.3841872,6.9537369
DE,Baden-Württemberg,48.53775,9.041169
DE,Rhineland-Palatinate,49.9531599,7.310646
DE,Lower Saxony,52.8398531,9.075962
TR,Tunceli,39.2197553,39.4139674
TR,Bingöl,39.073803,40.7296181
TR,İzmir,38.4192537,27.128469
TR,İstanbul,41.006381,28.9758715
TR,Antalya,36.8865728,30.7030242
TR,Bartın,41.4947715,32.4354255
TR,Kırşehir,39.3303066,34.1265884
TR,Mersin,36.7978381,34.6298391
TR,Zonguldak,41.250324,31.8389738
DE,Hessen,50.6080651,9.0284647
DE,Bavyera,48.9467562,11.4038717
DE,Saksonya-Anhalt,52.60049,10.0190296
DE,Baden-Vürtemberg,48.53775,9.041169
DE,Aşağı Saksonya,52.8398531,9.075962
US,Agawam,42.0688621,-72.6151604
US,Rainsville,34.4942536,-85.8477494
US,Oakton,38.896795,-77.2987377
US,Odessa,31.8457149,-102.367687
US,Orono,44.883607,-68.672791
US,Oxford,34.3663773,-89.5187664
US,Palmetto,27.5214269,-82.5723193
US,Plymouth,42.7369124,-96.2213607
US,Powhatan,37.5531622,-77.9112655
US,Prairie Grove,35.9774334,-94.3137353
AR,Chaco eyaleti,13.16483,5.448022
DE,Saksonya,50.9295798,13.4585052
DE,Brandenburg,52.8455492,13.2461296
TR,Karaman,37.1796848,33.3383665
US,Albemarle,38.0085107,-78.6086754
US,Platteville,40.2149829,-104.822749
US,Newark,40.735657,-74.1723667
US,Newton Grove,35.2454313,-78.3543933
US,North Kingstown,41.5514283,-71.4693875
US,Norwood,42.194543,-71.1994976
US,Ossining,41.1613168,-73.8620367
US,Palmyra,5.882204,-162.0748745
US,Paragould,36.0584021,-90.4973286
TR,Istanbul,41.006381,28.9758715
TR,Ankara,39.9207759,32.8540497
TR,B,36.9543899,36.1959127
TR,A,41.0726456,28.9750036
US,C,42.9382986,-87.9934462
ZA,Limpopo,-23.4735288,29.3959199
ZA,North West,-26.1347819,25.6546729
ZA,Mpumalanga,-26.276849,30.1500153
ZA,Free State,-28.7853618,26.4978933
ZA,Doğu Kap,-32.2171831,26.6386401
ZA,Kuzey Kap,-29.573402,21.2051361
ZA,KwaZulu-Natal,-28.503833,30.8875009
ZA,Gauteng,-25.9363439,28.0813105
ZA,Western Cape,-33.546977,20.72753
TR,Iğdır,39.8945292,43.9427459
TR,Malatya,38.4820156,38.1035355
US,Aberdeen,45.4649805,-98.487813
US,Moses Lake,47.1301417,-119.278077
US,Mount Olive,40.8462043,-74.7432456
US,Murray,34.7851861,-84.7352262
US,Nacogdoches,31.5970503,-94.5927451
US,Naugatuck,41.4907561,-73.0556562
US,Needham,42.2802645,-71.2360624
US,New Albany,38.2856247,-85.8241312
BR,Rondônia,-10.943145,-62.8277863
BR,Tocantins,-10.8855129,-48.3716912
BR,Paraná,-24.4842187,-51.8148872
BR,Acre,-9.0478679,-70.5264976
BR,Alagoas,-9.6611661,-36.6502426
BR,Mato Grosso,-12.2115009,-55.5716547
BR,Santa Catarina,-27.0628367,-51.114965
BR,Mato Grosso do Sul,-19.5852564,-54.4794731
BR,Piauí,-7.6992782,-42.5043787
BR,Pernambuco,-8.4116316,-37.5919699
IR,İlam Eyaleti,33.1545696,46.7576343
IR,Kermanşah,34.3789744,46.7010122
IR,Doğu Azerbaycan Eyaleti,37.9160365,46.6781589
TR,Edirne,41.6759327,26.5587225
SY,Rif Şam,33.5194958,37.0760724
SY,Damascus Governorate,33.5155238,36.2737518
SY,İdlip,35.8702332,36.5481802
SY,Halep,36.19924,37.1637253
SY,Tartus,34.8936225,35.885167
SY,Hums,34.7333334,36.7166667
SY,Ladikiye,,
SY,Hama,35.1343368,36.7496276
SY,Dara,32.6227776,36.1067639
SY,Ar-Raqqah Governorate,36.0604212,38.8547128
BR,Goiás,-15.9323662,-50.1392928
IQ,Mutenna,,
IQ,Erbil,36.1911744,44.0094145
BD,Barisal Bölümü,,
BD,Dakka,23.7643863,90.3890144
BD,Sylhet Division,24.7358854,91.6852476
BD,Rangpur Division,25.6376135,89.0826381
BD,Rajshahi Division,24.6285432,89.0376862
BR,Amazonas,-1.4378875,-52.3830054
BD,Khulna Division,22.9372087,89.2852741
BD,Chittagong Division,22.6800466,91.8839938
IN,Arunaçal Pradeş,28.0937702,94.5921326
IN,Manipur,24.7208818,93.9229386
IN,Nagaland,26.1630556,94.5884911
IN,Chhattisgarh,21.6637359,81.8406351
IN,Andaman ve Nicobar Adaları,,
IN,Orissa,20.5431241,84.6897321
IN,Mizoram,23.2146169,92.8687612
IN,Megalaya,25.5379432,91.2999102
IN,Jarkand,23.4559809,85.2557301
IN,Maharaştra,19.5670323,76.4164557
SA,Hail,,
EG,Şarm el Sina,,
CN,Guangdong,,
NG,Gombe Eyaleti,,
ID,Doğu Nusa Tenggara,,
RU,Udmurtya,,
CO,Santander,,
VN,Dien Bien,,
KR,Seul,,
PH,Eastern Visayas,,
JP,Miyazaki Prefecture,,
SA,Necran,,
VN,Phu Tho Province,,
VN,Bắc Kạn Province,,
VN,Lao Cai,,
KR,Gwangju,,
JP,Kagoşima ili,,
VN,Binh Phuoc,,
VN,Ha Giang,,
VN,Cao Bằng ili,,
VN,Tuyên Quang Province,,
PH,Cagayan Valley,,
TH,Phuket,,
NG,Ebonyi Eyaleti,,
CN,Pekin,,
KR,Jeollanam-do,,
NG,Nijer,,
NG,Yobe Eyaleti,,
RU,Penza Oblastı,,
CO,Huila,,
VN,Dak Nong,,
VN,Kuang Tri,,
JP,Tottori Prefecture,,
PH,Zamboanga Yarımadası,,
RU,Orenburg Oblastı,,
PH,Northern Mindanao,,
JP,Şimane,,
JP,Iwate,,
PH,Caraga,,
SA,Asir Bölgesi,,
RU,Çuvaşistan,,
RU,Stavropol Krayı,,
CO,Cundinamarca,,
PH,MIMAROPA,,
EG,Şarkiye,,
PH,Cordillera İdari Bölgesi,,
KR,Daegu,,
PH,Bicol,,
CO,Quindío,,
SA,Kasım,,
SA,Şarkiye,,
PH,Davao Region,,
PH,Region XII,,
CO,Cauca,,
SA,Riyad Bölgesi,,
KR,Daejeon,,
JP,Toçigi,,
CO,Boyacá,,
CO,Nariño,,
RU,Tümen Oblastı,,
RU,Astrahan Oblastı,,
RU,Belgorod Oblastı,,
RU,Kirov Oblastı,,
RU,Omsk Oblastı,,
AR,Entre Ríos eyaleti,,
AR,Catamarca eyaleti,,
AR,Jujuy eyaleti,,
AR,San Juan eyaleti,,
AR,Salta eyaleti,,
AR,Córdoba eyaleti,,
AR,Mendoza eyaleti,,
AR,Santa Fe eyaleti,,
AR,Buenos Aires eyaleti,,
SA,Tebük Bölgesi,28.3251866,37.6328648
SA,Mekke,21.420847,39.826869
SA,Medine Bölgesi,25.1354363,39.162594
SA,Baha,20.2372671,41.4615479
NG,Borno Eyaleti,12.1875392,13.3080034
NG,Bauchi Eyaleti,10.6228284,10.0287754
NG,Sokoto Eyaleti,13.0611195,5.3152203
NG,Adamawa Eyaleti,9.5129772,12.3881887
NG,Enugu Eyaleti,6.5536094,7.4143061
NG,Akwa Ibom Eyaleti,4.990638,7.7966205
TR,Kırklareli,41.7078046,27.6051334
